address	size	data_pointer_count	table_pointer_count
0x820BE440	0x000000C0	1	1
0x820BE6E0	0x0000003C	1	1
0x820BE720	0x00000068	1	1
0x820BE7A0	0x00000030	1	1
0x820BEB38	0x00000020	1	1
0x820BF7D8	0x00000050	1	1
0x820BF828	0x0000007C	1	1
0x820BF938	0x00000070	1	1
0x820BFCD8	0x0000004C	1	1
0x820BFD28	0x0000003C	1	1
0x820C00B0	0x00000050	1	1
0x820C0100	0x00000060	1	1
0x820C0558	0x00000050	3	3
0x820C05A8	0x00000060	1	1
0x820C0848	0x0000005C	1	1
0x820C1058	0x0000001C	1	1
0x820C1078	0x00000078	1	1
0x820C1430	0x00000050	2	2
0x820C1480	0x00000060	1	1
0x820C16F0	0x00000020	1	1
0x820C1910	0x00000040	1	1
0x820C1950	0x00000054	1	1
0x820C19C0	0x00000020	1	1
0x820C1D18	0x00000048	1	1
0x820C26E0	0x00000080	1	1
0x820C2760	0x00000060	1	1
0x820C2BD0	0x00000058	1	1
0x820C2C88	0x00000020	1	1
0x820C2CB0	0x00000230	1	1
0x820C2F20	0x0000004C	1	1
0x820C38C0	0x00000020	1	1
0x820C41C8	0x00000008	1	1
0x820C45A0	0x00000060	1	1
0x820C4618	0x00000060	1	1
0x820C4838	0x00000020	1	1
0x820C49D0	0x00000054	1	1
0x820C4A40	0x000000AC	1	1
0x820C4E80	0x00000020	1	1
0x820C4EA8	0x00000090	1	1
0x820C4F38	0x00000060	1	1
0x820C53A8	0x00000010	1	1
0x820C5760	0x0000000C	1	1
0x820C5770	0x0000006C	1	1
0x820C5AD0	0x00000048	1	1
0x820C5B18	0x00000060	1	1
0x820C5BB0	0x00000080	1	1
0x820C5D10	0x00000054	1	1
0x820C61F8	0x00000020	1	1
0x820C6300	0x000000C0	1	1
0x820C63D8	0x00000054	1	1
0x820C6448	0x00000024	1	1
0x820C6780	0x00000020	1	1
0x820C6858	0x00000060	1	1
0x820C68F8	0x00000054	2	2
0x820C6968	0x00000008	1	1
0x820C6AE0	0x00000020	1	1
0x820C6F18	0x0000000C	3	3
0x820C6FF8	0x00000014	1	1
0x820C7250	0x00000020	1	1
0x820C7D30	0x00000074	1	1
0x820C8058	0x00000020	1	1
0x820C8320	0x00000040	1	1
0x820C8360	0x00000054	1	1
0x820C83D0	0x00000014	2	2
0x820C8510	0x00000020	2	2
0x820C86B0	0x00000054	1	1
0x820C8D48	0x0000006C	1	1
0x820C8F58	0x00000020	1	1
0x820C91A8	0x00000040	1	1
0x820C91E8	0x00000068	1	1
0x820C95A8	0x00000064	1	1
0x820C9610	0x00000074	1	1
0x820C99A8	0x00000074	1	1
0x820C9C50	0x00000020	1	1
0x820C9C78	0x00000074	1	1
0x820C9CF0	0x00000060	1	1
0x820C9D70	0x00000060	1	1
0x820C9DE8	0x0000000C	1	1
0x820CA590	0x00000064	1	1
0x820CA5F8	0x00000068	1	1
0x820CA678	0x00000024	1	1
0x820CA6A0	0x0000005C	1	1
0x820CA818	0x00000058	1	1
0x820CA870	0x00000048	1	1
0x820CA8D0	0x0000000C	1	1
0x820CA988	0x0000000C	7	7
0x820CA998	0x00000008	1	1
0x820CE7E8	0x00000010	3	3
0x820CE7F8	0x00000010	53	53
0x820CE808	0x00000020	53	53
0x82271500	0x00000008	2	2
0x82271508	0x00000008	2	2
0x82271510	0x00000008	7	7
0x822715A8	0x00000008	1	1
0x822715B0	0x00000008	1	1
0x822715B8	0x00000008	1	1
0x82272720	0x00000018	1	1
0x82272738	0x00000018	1	1
0x82272750	0x00000018	1	1
0x82272768	0x00000018	1	1
0x82272888	0x00000158	1	1
0x822729E0	0x00000008	1	1
0x822729E8	0x00000008	1	1
0x822729F0	0x00000008	1	1
0x822729F8	0x00000008	1	1
0x82272A00	0x00000008	1	1
0x82272A08	0x00000008	1	1
0x82272A10	0x00000008	1	1
0x82272A18	0x00000008	1	1
0x82272A20	0x00000008	1	1
0x82272A28	0x0000002C	1	1
0x82272A58	0x00000018	1	1
0x82272A70	0x00000018	1	1
0x82272A88	0x00000018	1	1
0x82272AA0	0x00000018	1	1
0x82272BF0	0x00000168	2	2
0x82272D58	0x00000020	2	2
0x82281120	0x00000008	6	6
0x82281128	0x00000008	6	6
0x82281130	0x00000008	6	6
0x82281138	0x00000008	6	6
0x82281140	0x0000002C	6	6
0x822811F8	0x0000002C	6	6
0x822812B0	0x0000002C	6	6
0x82281368	0x00000018	4	4
0x82281380	0x00000018	4	4
0x82281398	0x00000018	4	4
0x822813B0	0x00000010	6	6
0x82281948	0x00000040	3	3
0x822819E0	0x00000040	3	3
0x82281B90	0x00000038	3	3
0x82282420	0x00000050	4	4
0x82283E18	0x00000074	2	2
0x82284060	0x00000008	2	2
0x82284068	0x00000014	2	2
0x82284818	0x00000040	2	2
0x82284908	0x00000010	2	2
0x82284918	0x00000054	2	2
0x82284970	0x00000288	2	2
0x82285020	0x00000064	2	2
0x82286608	0x00000018	2	2
0x822877C8	0x00000014	1	1
0x82287808	0x00000014	1	1
0x82287860	0x00000038	1	1
0x82287968	0x0000001C	1	1
0x822879E0	0x00000014	1	1
0x82287A60	0x00000018	1	1
0x82287B50	0x00000014	1	1
0x82288870	0x0000005C	4	4
0x822888D0	0x00000010	4	4
0x82288920	0x0000002C	4	4
0x82288950	0x00000028	4	4
0x82288978	0x00000028	4	4
0x822889A0	0x00000028	4	4
0x822889C8	0x00000030	4	4
0x82288A40	0x00000028	4	4
0x82288A70	0x00000020	9	9
0x82288B20	0x000000A4	2	2
0x82289380	0x00000064	4	4
0x8228A920	0x00000008	1	1
0x8228A928	0x00000008	1	1
0x8228A930	0x00000008	1	1
0x8228B5F0	0x00000014	2	2
0x8228B628	0x0000001C	1	1
0x8228D420	0x0000001C	2	2
0x8228D440	0x00000030	2	2
0x8228D480	0x00000034	2	2
0x8228D4B8	0x00000028	2	2
0x8228D528	0x00000044	2	2
0x8228E6F0	0x00000044	3	3
0x8228F220	0x00000034	3	3
0x8228F2E0	0x0000000C	80	80
0x8228F2F0	0x00000008	3	3
0x8228F2F8	0x00000008	3	3
0x8228F300	0x0000002C	3	3
0x8228F330	0x0000002C	3	3
0x8228F360	0x0000002C	3	3
0x8228F390	0x0000002C	3	3
0x8228F3C0	0x0000002C	3	3
0x8228F3F0	0x00000020	3	3
0x8228F410	0x00000010	3	3
0x8228F420	0x00000010	3	3
0x8228F430	0x0000000C	3	3
0x8228F6E8	0x00000080	3	3
0x822938B8	0x00000008	1	1
0x82293C90	0x00000030	1	1
0x82294090	0x00000018	2	2
0x82298410	0x00000014	2	2
0x82298490	0x00000008	2	2
0x82298498	0x00000010	2	2
0x822984A8	0x00000010	2	2
0x822984B8	0x00000010	2	2
0x822984C8	0x0000000C	2	2
0x822984D8	0x0000000C	2	2
0x822984E8	0x00000018	2	2
0x82298500	0x00000008	1	1
0x82298A18	0x00000064	12	12
0x82298B38	0x00000010	10	10
0x82299100	0x00000014	6	6
0x822991E0	0x00000018	8	8
0x82299A20	0x00000070	13	13
0x8229D4E8	0x00000054	1	1
0x8229D5C0	0x00000008	1	1
0x8229D5C8	0x00000008	1	1
0x8229D5D0	0x00000008	1	1
0x8229D5D8	0x00000008	1	1
0x8229D5E0	0x00000008	1	1
0x8229D5E8	0x00000008	1	1
0x8229D5F0	0x00000008	1	1
0x822A2B20	0x00000008	3	3
0x822A2CA8	0x00000030	1	1
0x822A3EF0	0x00000038	1	1
0x822A4398	0x00000004	1	1
0x822A43F0	0x00000008	1	1
0x822A60B8	0x00000004	2	2
0x822A63D8	0x00000008	2	2
0x822A63E0	0x00000008	2	2
0x822A6888	0x00000030	2	2
0x822A81A8	0x00000004	1	1
0x822A8680	0x00000030	1	1
0x822A9B90	0x00000004	1	1
0x822AA150	0x000000BC	1	1
0x822AA910	0x00000020	1	1
0x822AADA0	0x00000044	1	1
0x822AB038	0x00000058	1	1
0x822AB6F8	0x00000014	1	1
0x822ABBA8	0x00000020	48	48
0x822ABBF0	0x00000014	48	48
0x822ABC48	0x0000000C	47	47
0x822B09E8	0x00000024	2	2
0x822B0E90	0x00000004	2	2
0x822B1F00	0x00000048	2	2
0x822B1F50	0x00000048	2	2
0x822B2130	0x0000000C	2	2
0x822B21C0	0x00000058	2	2
0x822B2220	0x00000098	2	2
0x822B22C0	0x00000058	2	2
0x822B2320	0x0000000C	2	2
0x822B24E8	0x00000034	2	2
0x822B2528	0x00000020	2	2
0x822B2688	0x0000004C	2	2
0x822B2710	0x00000058	2	2
0x822B28F0	0x0000000C	2	2
0x822B2900	0x00000024	2	2
0x822B2930	0x00000058	2	2
0x822B2988	0x0000001C	2	2
0x822B29C8	0x0000001C	2	2
0x822B29E8	0x0000001C	2	2
0x822B2A90	0x0000000C	2	2
0x822B2B48	0x00000010	2	2
0x822B74B8	0x00000018	2	2
0x822B74D8	0x00000034	2	2
0x822B7510	0x00000014	2	2
0x822B7528	0x00000020	2	2
0x822B7548	0x00000014	2	2
0x822B7560	0x00000014	2	2
0x822B7578	0x00000008	2	2
0x822B7580	0x00000018	2	2
0x822B7598	0x00000014	2	2
0x822B75B0	0x00000030	2	2
0x822B9128	0x00000018	2	2
0x822B95D0	0x00000030	1	1
0x822B9810	0x000000E4	1	1
0x822BAC38	0x00000004	1	1
0x822BC660	0x00000010	1	1
0x822BEDD8	0x00000028	1	1
0x822C4460	0x00000028	2	2
0x822C72F8	0x00000064	2	2
0x822C7360	0x00000008	5	5
0x822C7368	0x00000008	5	5
0x822CF9A8	0x00000018	2	2
0x822CF9C8	0x00000020	2	2
0x822D0020	0x00000020	6	6
0x822D0040	0x00000018	9	9
0x822D1DC0	0x000001C0	2	2
0x822D1F80	0x00000004	2	2
0x822D2A20	0x00000020	1	1
0x822D2C90	0x00000020	1	1
0x822D2D40	0x00000020	1	1
0x822D2DB0	0x000001C0	1	1
0x822D39C0	0x00000088	1	1
0x822D3AE0	0x0000001C	1	1
0x822D3D78	0x00000054	1	1
0x822D3DD0	0x00000008	1	1
0x822D56F8	0x00000028	1	1
0x822D5720	0x0000003C	1	1
0x822D5760	0x00000024	1	1
0x822D5D98	0x00000014	1	1
0x822D5E18	0x00000014	1	1
0x822D5F88	0x00000014	1	1
0x822D5FA0	0x00000014	1	1
0x822D5FB8	0x00000014	1	1
0x822D5FD0	0x00000014	1	1
0x822D5FE8	0x00000014	1	1
0x822D6000	0x00000014	1	1
0x822D6018	0x00000014	1	1
0x822DAC60	0x0000005C	1	1
0x822DB040	0x00000020	1	1
0x822DB0B0	0x000001C0	1	1
0x822DB690	0x00000160	1	1
0x822DBAA8	0x00000010	1	1
0x822DBB18	0x00000020	1	1
0x822DBC88	0x000001B8	1	1
0x822DD810	0x00000054	1	1
0x822DF608	0x00000020	1	1
0x822DFED8	0x00000020	1	1
0x822DFF58	0x00000290	1	1
0x822E0630	0x00000160	1	1
0x822E0AA0	0x000001B4	1	1
0x822E0CE8	0x0000005C	1	1
0x822E0E70	0x00000008	3	3
0x822E0E78	0x00000014	1	1
0x822E0E90	0x00000030	3	3
0x822E0EC0	0x00000028	3	3
0x822E2510	0x00000020	1	1
0x822E2590	0x00000290	1	1
0x822E2B28	0x00000008	1	1
0x822E32D8	0x00000028	2	2
0x822E3468	0x00000018	2	2
0x822E3488	0x00000010	2	2
0x822EF1B0	0x00000010	1	1
0x822EF700	0x00000008	1	1
0x822EF900	0x00000008	1	1
0x822EFC00	0x00000068	2	2
0x822F0BC8	0x0000001C	1	1
0x822F18D8	0x00000014	1	1
0x822F35B8	0x0000000C	1	1
0x822F36E0	0x0000002C	5	5
0x822F3710	0x00000028	5	5
0x822F3748	0x00000014	5	5
0x822F3760	0x00000024	5	5
0x822F4308	0x00000030	1	1
0x822F5208	0x00000030	1	1
0x822F5238	0x0000001C	1	1
0x822F5258	0x00000014	1	1
0x822F6148	0x00000010	1	1
0x822F61F0	0x00000054	1	1
0x822F63B8	0x00000004	3	3
0x822F63C0	0x00000010	1	1
0x822F6418	0x00000040	1	1
0x822F6458	0x00000008	1	1
0x822F6EA8	0x00000010	2	2
0x822F6F00	0x000000A8	1	1
0x822F6FA8	0x00000008	2	2
0x822F6FB0	0x00000250	1	1
0x822F87D8	0x00000040	1	1
0x822F8818	0x000001F4	1	1
0x822F8C18	0x00000030	1	1
0x822F90E8	0x00000068	1	1
0x822F9150	0x0000000C	1	1
0x822FA350	0x000001C0	1	1
0x822FA510	0x0000071C	1	1
0x822FAF50	0x0000002C	1	1
0x822FAF80	0x00000048	1	1
0x822FB368	0x00000014	1	1
0x822FCCB0	0x00000010	4	4
0x82302998	0x00000100	1	1
0x823032A8	0x00000008	2	2
0x823037D8	0x00000074	2	2
0x82303878	0x00000084	2	2
0x82306C50	0x0000001C	1	1
0x82306C70	0x00000018	1	1
0x82306C88	0x00000018	1	1
0x82306CA0	0x00000028	1	1
0x82306CD0	0x0000002C	1	1
0x82306D50	0x00000028	1	1
0x82306D80	0x00000028	1	1
0x82306DC8	0x0000000C	1	1
0x82306DE8	0x0000000C	1	1
0x82306FB8	0x00000030	1	1
0x82306FE8	0x00000014	1	1
0x823070D8	0x0000000C	1	1
0x823086E0	0x00000018	1	1
0x823086F8	0x00000020	1	1
0x82308718	0x00000024	1	1
0x82308740	0x00000024	1	1
0x82308768	0x00000024	1	1
0x82308790	0x00000020	1	1
0x823087B0	0x00000024	1	1
0x823087D8	0x00000030	1	1
0x82308808	0x00000050	1	1
0x823088B8	0x00000024	1	1
0x823088E8	0x00000038	1	1
0x82308930	0x00000024	1	1
0x82308960	0x00000020	1	1
0x82308980	0x00000020	1	1
0x823089A0	0x00000020	1	1
0x823089C0	0x00000020	1	1
0x82308A68	0x00000020	1	1
0x82308A88	0x0000003C	1	1
0x82319180	0x000000B8	1	1
0x82319608	0x00000014	2	2
0x82319620	0x00000018	1	1
0x82319718	0x00000014	1	1
0x82319730	0x00000014	1	1
0x82319748	0x00000014	1	1
0x8231B990	0x00000034	1	1
0x8231B9C8	0x00000008	1	1
0x8231B9D0	0x00000014	1	1
0x8231B9E8	0x00000008	1	1
0x82320550	0x00000018	1	1
0x82384908	0x00000028	1	1
0x8238AE90	0x00000018	1	1
0x823CAE68	0x00000018	1	1
